Project,Pull Number,Pull type,ID,Category,Diffs available,LOC Added,LOC Removed,Files changed,Files excluded,Files included,Mean complexity difference
beam,1974,review,100887469,Readability,No
flink,8446,review,285160885,ArchitecturalFlaw,No
flink,2363,comment,240791329,BugProne,No
spark,29795,review,493190061,Convention,No
tinkerpop,144,summary,0,PoorPerformance,Yes,107,20,17,"{'.asciidoc': 3, '.xml': 14}",0,0
flink,14084,review,554882968,ArchitecturalFlaw,No
spark,31905,comment,811106021,ArchitecturalFlaw,No
accumulo,332,comment,368365644,Convention,No
cloudstack,1705,summary,0,PoorOutput,Yes,4,4,3,{},3,1
spark,18567,comment,313762412,PoorTesting,No
incubator-pinot,5769,review,467200428,PoorOutput,No
beam,13137,review,522334301,PoorTesting,No
arrow,6103,summary,0,PoorOutput,Yes,7,2,2,{},2,0
groovy,480,comment,275655612,BugProne,No
pulsar,3019,review,243864237,Convention,No
beam,5384,review,189163677,DeadDocs,No
zeppelin,2706,comment,353205540,PoorTesting,No
druid,3939,review,102355893,Convention,No
trafodion,115,summary,0,NonCodeArtifact,Yes,964,484,60,"{'.version': 5, '.properties': 5, '.pm': 1, '.h': 4, '.lng': 1, '.ui': 13, '.data': 1, '.xml': 1, '.xsl': 1}",16,0
trafodion,644,review,73953757,PoorPerformance,No
spark,26108,review,334704586,DeadCode,No
incubator-mxnet,8015,review,141497578,BugProne,No
kafka,2937,summary,0,PoorTesting,Yes,84,33,6,{},6,-1
incubator-heron,3032,comment,437498318,PoorTesting,No
storm,128,comment,45091287,NotSATD,No
zeppelin,3497,comment,548180234,PoorTesting,No
carbondata,432,summary,0,BugProne,Yes,233,167,30,{'.xml': 2},26,9
spark,21476,review,192476723,NotSATD,No
superset,12626,summary,0,MissingDocs,Yes,309,336,54,"{'.mdx': 5, '.png': 29, '.json': 1}",0,0
spark,3246,review,22343430,DeadCode,No
jena,151,comment,252431461,ArchitecturalFlaw,No
flink,6159,review,195443441,Convention,No
trafficserver,2300,comment,318132384,ArchitecturalFlaw,No
apisix,2036,review,487762501,MissingDocs,No
kafka,3325,review,128649545,PoorPerformance,No
spark,8093,review,36782853,BugProne,No
carbondata,2836,comment,431731434,BugProne,No
superset,10728,review,479692093,DeadCode,No
drill,1892,review,363140288,PoorPerformance,No
beam,6676,review,233138480,MissingDocs,No
spark,4363,review,24212525,Convention,No
spark,23181,review,237952522,Convention,No
flink,7759,review,258458285,ArchitecturalFlaw,No
spark,12241,comment,207105529,BugProne,No
druid,1535,summary,0,PoorTesting,Yes,44,20,2,{'.md': 1},1,0
spark,13565,review,66319324,BugProne,No
incubator-doris,3587,review,425210765,PoorOutput,No
spark,20194,review,161000312,Convention,No
spark,1218,review,15828037,DeadCode,No
flink,4364,review,128512830,PoorTesting,No
druid,3956,comment,281423634,BugProne,No
trafficserver,6379,review,373984797,Duplicate,No
spark,7626,review,35370290,NotSATD,No
incubator-pinot,6004,review,496927468,NotSATD,No
nifi,4303,review,432322027,NotSATD,No
shardingsphere-elasticjob,1608,summary,0,Readability,Yes,74,64,24,"{'.md': 1, '.properties': 1, '.xml': 1, '.yml': 1}",19,0
spark,19143,comment,327427666,PoorTesting,No
trafficserver,866,comment,240594556,BugProne,No
incubator-heron,176,review,56283550,ArchitecturalFlaw,No
spark,8531,review,48378751,PoorPerformance,No
spark,9353,review,43474236,Convention,No
nifi-minifi-cpp,924,comment,732347261,NonCodeArtifact,No
superset,13210,review,582436382,Readability,No
hive,1780,comment,761269576,Readability,No
spark,3651,review,21697554,NotSATD,No
flink,6173,review,196042694,ArchitecturalFlaw,No
activemq-artemis,2012,comment,380818801,PoorPerformance,No
kafka,1908,comment,250894831,NotSATD,No
spark,23062,review,234404871,ArchitecturalFlaw,No
carbondata,4078,comment,787036665,NotSATD,No
pulsar,5032,review,317796702,ArchitecturalFlaw,No
spark,11620,review,56418491,Convention,No
incubator-heron,1820,review,113760959,Readability,No
activemq-artemis,2558,comment,472853473,NotSATD,No
tinkerpop,712,review,140818483,BugProne,No
hawq,1321,summary,0,PoorPerformance,Yes,267,62,3,{'.h': 1},2,-18
drill,1953,review,379551973,MissingDocs,No
orc,570,review,528911518,ArchitecturalFlaw,No
calcite,2286,review,534475582,Duplicate,No
openwhisk,3449,comment,373702523,NotSATD,No
spark,15971,review,89209660,BugProne,No
beam,539,comment,228871382,MissingDocs,No
nifi-minifi-cpp,1040,review,605509404,DeadCode,No
flink,592,comment,92341849,NotSATD,No
spark,2685,comment,61052515,ArchitecturalFlaw,No
cxf,561,comment,498837564,Duplicate,No
hive,2111,review,607667423,MissingDocs,No
skywalking,5293,comment,673764279,MissingDocs,No
druid,6230,description,0,ArchitecturalFlaw,Yes,441,335,19,{},17,-6
attic-stratos,192,review,23697450,Convention,No
spark,15148,comment,259376702,ArchitecturalFlaw,No
nifi,4767,review,561227339,Readability,No
flink,966,comment,126706999,PoorTesting,No
ignite,6392,summary,0,PoorPerformance,Yes,19,4,4,{},3,-3
hbase,1482,review,416140357,MissingDocs,No
spark,24807,comment,500879466,ArchitecturalFlaw,No
parquet-mr,808,comment,672774756,ArchitecturalFlaw,No
couchdb,2426,description,0,BugProne,Yes,23,12,2,{'.erl': 2},0,0
beam,4910,review,175947778,PoorOutput,No
spark,23982,review,263647807,Readability,No
lucene-solr,2229,review,562524364,NotSATD,No
flink,9748,review,328404835,MissingDocs,No
superset,8867,review,360617020,MissingDocs,No
tvm,4144,summary,0,Readability,Yes,1,1,1,{},1,0
hadoop,1881,review,388858948,Readability,No
flink,5367,review,165039357,Duplicate,No
druid,10070,review,445155089,Convention,No
trafodion,294,comment,178076645,NotSATD,No
tvm,1403,review,201886571,PoorOutput,No
kafka,7799,review,364476808,DeadCode,No
netbeans-website,473,review,430013474,PoorPerformance,No
netbeans,968,comment,430955215,NonCodeArtifact,No
skywalking,5685,comment,711190648,PoorTesting,No
airflow,1270,description,0,Convention,Yes,14,2,2,{},2,0
zookeeper,924,review,299043313,DeadCode,No
superset,5946,description,0,DeadCode,Yes,19,41,15,"{'.json': 1, '.lock': 1}",11,1
spark,3099,review,20111063,MissingDocs,No
phoenix,516,review,292095594,NotSATD,No
hadoop,802,review,291163702,Readability,No
beam,10455,review,362682454,Convention,No
pulsar,5592,description,0,BugProne,Yes,6,1,1,{},1,0
spark,5760,review,29388845,NotSATD,No
arrow,7885,review,465480283,PoorTesting,No
storm,215,review,15836939,DeadCode,No
phoenix,936,comment,724872173,NotSATD,No
hudi,1664,description,0,PoorPerformance,Yes,7,2,4,{'.commands': 1},3,0
openwhisk,1071,review,75486973,Readability,No
pulsar,2888,comment,441582678,Duplicate,No
airflow,8875,review,426287475,MissingDocs,No
superset,5445,comment,457472346,NotSATD,No
flink,5901,comment,387376186,PoorTesting,No
kafka,241,review,40615287,Readability,No
dubbo,3162,review,245860102,DeadCode,No
beam,13592,comment,749735258,PoorPerformance,No
geode-native,56,description,0,Convention,Yes,35,42,3,{},0,0
storm,1783,comment,263910453,MissingDocs,No
spark,15627,review,85951050,PoorTesting,No
incubator-mxnet,11502,review,200206922,MissingDocs,No
spark,204,review,11469526,PoorOutput,No
attic-apex-core,479,review,108591304,Readability,No
dubbo,2741,summary,0,PoorTesting,Yes,8,1,1,{},1,-1
spark,1222,review,15478958,ArchitecturalFlaw,No
nifi,3894,review,365769826,DeadCode,No
pulsar,366,comment,296908563,Readability,No
kafka,6536,review,275588869,Readability,No
calcite,1075,review,261510267,Convention,No
pulsar,7601,description,0,NotSATD,Yes,39,0,3,{},3,-5
zeppelin,2753,summary,0,Convention,Yes,658,541,61,"{'.xml': 2, '.properties': 1}",43,0
flink,1640,review,52993965,PoorPerformance,No
airflow,4751,review,346970934,PoorPerformance,No
beam,5028,review,181501125,PoorPerformance,No
spark,17582,comment,294933906,ArchitecturalFlaw,No
spark,20787,review,175982564,Convention,No
kafka,8706,review,432145121,DeadCode,No
nifi,3260,summary,0,PoorTesting,Yes,0,3,1,{},1,0
dubbo,1906,description,0,PoorTesting,Yes,240,3,3,{},2,-2
airflow,5010,review,272785021,NotSATD,No
kafka,6517,comment,484309340,BugProne,No
druid,4815,review,146068538,PoorTesting,No
airflow,5661,review,307279581,BugProne,No
qpid-dispatch,1047,description,0,BugProne,Yes,41,4,1,{},1,-8
tomee,713,comment,734780620,NotSATD,No
flink,6236,review,241972720,Convention,No
calcite,2369,review,593096896,PoorTesting,No
fineract,1458,comment,718052221,PoorPerformance,No
helix,1447,comment,704707243,PoorTesting,No
shardingsphere,3158,review,329463176,Convention,No
drill,819,review,113834302,PoorTesting,No
spark,10993,review,51332430,DeadCode,No
flink,14839,review,586411292,PoorOutput,No
nifi,3536,review,300057978,DeadCode,No
cloudstack,768,review,39469736,DeadCode,No
drill,1251,review,187210052,DeadDocs,No
spark,16152,description,0,Duplicate,Yes,1,15,1,{},0,0
spark,4690,review,25098634,PoorOutput,No
hbase,2167,summary,0,PoorPerformance,Yes,21,28,1,{},1,-1
spark,15573,description,0,PoorPerformance,Yes,119,68,5,{},1,0
hadoop,2556,summary,0,PoorPerformance,Yes,1,1,1,{'.xml': 1},0,0
kafka,2320,review,94887536,ArchitecturalFlaw,No
beam,8270,review,274875921,ArchitecturalFlaw,No
beam,10227,comment,558882339,ArchitecturalFlaw,No
airflow,2372,review,140193220,Duplicate,No
spark,23747,review,269640058,DeadCode,No
cloudstack,1578,review,77754965,Convention,No
spark,15237,review,90548133,Readability,No
phoenix,508,review,285231247,BugProne,No
incubator-mxnet,15277,review,296085060,Convention,No
spark,28641,review,435012863,BugProne,No
flink,879,comment,118008845,DeadCode,No
ozone,1233,review,482676002,Convention,No
carbondata,1321,review,138830621,PoorPerformance,No
cloudstack,1572,comment,253562333,PoorTesting,No
openwhisk,4870,review,399976882,PoorPerformance,No
spark,5355,review,28042923,Convention,No
trafficcontrol,3601,review,297263939,BugProne,No
cloudstack,2594,description,0,DeadCode,Yes,0,253,3,{'.xml': 1},1,0
flink,9866,review,333911282,NotSATD,No
jena,337,review,159239355,DeadCode,No
airflow,11132,review,495856534,PoorOutput,No
flink,1052,comment,134567455,PoorPerformance,No
iceberg,1793,review,553700047,ArchitecturalFlaw,No
flink,6076,review,192981069,Readability,No
storm,1781,comment,262494323,ArchitecturalFlaw,No
trafodion,1036,review,109077021,Convention,No
spark,1484,review,23672440,Readability,No
spark,28952,review,447482241,ArchitecturalFlaw,No
spark,13410,review,65192185,DeadCode,No
fineract,810,comment,623127986,MissingDocs,No
spark,30392,comment,729168362,PoorPerformance,No
spark,4588,review,26089697,Convention,No
arrow,4515,description,0,ArchitecturalFlaw,Yes,80,62,22,"{'.md': 1, '.Rmd': 1, '.Rd': 4, '.R': 13}",0,0
spark,4105,comment,103159431,Duplicate,No
ignite,6069,summary,0,PoorTesting,Yes,69,12,6,{},5,-4
tvm,1905,summary,0,PoorTesting,Yes,2,33,1,{},1,4
arrow,5451,review,329113827,Convention,No
druid,50,review,2541441,PoorPerformance,No
flink,12042,review,422441179,Readability,No
flink,12268,review,430016877,PoorOutput,No
spark,6959,review,33198256,Convention,No
kafka,2405,review,97622033,Duplicate,No
spark,27612,review,380444937,PoorTesting,No
kafka,1791,review,80134212,Readability,No
daffodil,407,review,470752272,PoorTesting,No
druid,5102,review,158433249,NotSATD,No
spark,4593,comment,75540678,PoorPerformance,No
spark,5350,review,28019159,Duplicate,No
flink,15389,summary,0,ArchitecturalFlaw,Yes,37,58,3,{},3,3
kafka,9100,review,477786630,Readability,No
calcite,2076,review,457807922,DeadDocs,No
flink,705,review,30817476,ArchitecturalFlaw,No
incubator-doris,4925,review,528201502,BugProne,No
trafficserver,834,review,78213185,Readability,No
nifi,1553,review,103938291,DeadDocs,No
spark,13729,summary,0,PoorPerformance,Yes,29,28,1,{},0,0
kafka,386,review,43579299,MissingDocs,No
spark,25626,review,320095359,Readability,No
zookeeper,1257,comment,593204387,BugProne,No
spark,15009,review,84790527,Convention,No
spark,25811,review,324969028,Readability,No
cloudstack,2578,review,225156473,PoorOutput,No
tajo,308,comment,67804082,Convention,No
flink,12260,review,429716465,MissingDocs,No
trafficserver,7138,summary,0,DeadCode,Yes,1,1,1,{},1,0
spark,29992,review,504358081,BugProne,No
kafka,9001,review,462716040,ArchitecturalFlaw,No
arrow,8648,review,567582052,MissingDocs,No
flink,13571,description,0,BugProne,Yes,39,3,2,{},2,-3
storm,2911,review,283128941,Convention,No
samza,230,review,124421458,ArchitecturalFlaw,No
kafka,6521,review,273258127,PoorTesting,No
dubbo,2520,summary,0,Convention,Yes,6,6,1,{},1,0
camel-quarkus,1526,comment,672675824,PoorTesting,No
apisix-dashboard,979,review,543388564,ArchitecturalFlaw,No
usergrid,180,summary,0,Readability,Yes,5,5,2,{},2,0
nifi,4824,review,576641177,Readability,No
iceberg,933,review,411434730,Duplicate,No
spark,27165,comment,572924850,NotSATD,No
drill,996,review,146815141,Duplicate,No
spark,13967,comment,229733872,DeadCode,No
trafodion,604,comment,234079094,PoorOutput,No
flink,5663,comment,371969548,NotSATD,No
kafka,4001,comment,333581688,Convention,No
airflow,1488,comment,222606343,DeadCode,No
incubator-pinot,4397,review,307084550,MissingDocs,No
spark,28661,comment,635693433,Readability,No
nifi,914,review,75858615,Duplicate,No
tvm,4847,comment,584462639,PoorPerformance,No
spark,24043,review,292472811,PoorTesting,No
spark,15272,description,0,PoorPerformance,Yes,109,26,4,{},1,-6
airflow,2816,description,0,DeadDocs,Yes,2,2,1,{},1,0
beam,1278,review,86889887,BugProne,No
flink,9977,review,338932359,PoorTesting,No
flink,15051,description,0,PoorTesting,Yes,560,109,19,{},11,-4
druid,3928,review,106563776,Readability,No
camel,3381,comment,561470632,Convention,No
flink,11047,review,379996777,ArchitecturalFlaw,No
daffodil,289,review,346101694,PoorTesting,No
pulsar,9751,summary,0,PoorPerformance,Yes,9,5,1,{},1,0
kafka,158,review,38986690,NotSATD,No
incubator-mxnet,13549,review,246983078,Convention,No
trafficcontrol,4821,description,0,PoorPerformance,Yes,23,23,6,"{'.yml': 3, '.dockerignore': 1}",0,0
spark,15009,review,106230108,Convention,No
flink,7123,review,236347738,Readability,No
incubator-heron,1728,comment,281558138,ArchitecturalFlaw,No
gobblin,2015,review,129176332,Readability,No
kafka,6475,description,0,PoorTesting,Yes,21,11,2,{},2,-1
bookkeeper,888,comment,352890209,ArchitecturalFlaw,No
cloudstack,4490,description,0,BugProne,Yes,8,6,3,{},3,-3
cloudstack,2058,review,139283005,Convention,No
netbeans,2324,review,511329375,Convention,No
incubator-brooklyn,83,comment,49760955,PoorTesting,No
ignite,8048,review,480182091,Convention,No
flink,4426,description,0,DeadCode,Yes,2,22,2,"{'.xml': 1, '.sh': 1}",0,0
spark,25628,review,319461063,BugProne,No
brooklyn-server,835,review,142912453,ArchitecturalFlaw,No
spark,448,review,11813558,Duplicate,No
flink,6178,review,196555570,Readability,No
kafka,6977,review,298727205,DeadCode,No
flink,4851,review,145917513,NotSATD,No
spark,16706,review,98121245,Readability,No
tvm,7021,comment,797529527,PoorPerformance,No
airflow,5343,review,288918215,Readability,No
spark,16892,comment,280117833,MissingDocs,No
airflow,13728,comment,761947640,BugProne,No
systemds,740,review,172401453,Readability,No
spark,20923,comment,383571843,NotSATD,No
carbondata,3800,summary,0,PoorPerformance,Yes,48,21,8,{},5,-4
incubator-mxnet,15371,review,302817980,DeadCode,No
incubator-brooklyn,131,review,16893613,Duplicate,No
tvm,2773,review,283191720,Convention,No
cloudstack,1953,review,102184780,PoorPerformance,No
spark,24300,description,0,Readability,Yes,6,10,5,{},2,0
superset,12739,description,0,Readability,Yes,1,1,1,{'.md': 1},0,0
commons-lang,261,comment,289800588,PoorTesting,No
beam,5049,comment,379410687,BugProne,No
calcite,782,review,209381477,NotSATD,No
kafka,841,comment,177319309,NotSATD,No
superset,6663,comment,453598576,BugProne,No
spark,1379,comment,71531266,PoorPerformance,No
spark,5511,review,28394051,BugProne,No
spark,4533,comment,73925690,NotSATD,No
activemq-artemis,3455,comment,779848243,NotSATD,No
kafka,5885,review,236424422,Readability,No
flink,12900,review,454415036,ArchitecturalFlaw,No
openwhisk,1063,comment,243067533,NotSATD,No
flink,4143,review,123715389,Convention,No
spark,7181,review,33755269,ArchitecturalFlaw,No
kafka,764,review,50764320,ArchitecturalFlaw,No
incubator-pinot,2228,review,158572949,DeadCode,No
airflow,3090,comment,370109428,DeadCode,No
hudi,1115,comment,567470696,PoorTesting,No
trafficserver,5380,summary,0,Readability,Yes,138,138,60,{'.h': 8},51,0
zookeeper,1614,comment,785912733,PoorTesting,No
zookeeper,567,comment,405419213,MissingDocs,No
beam,12645,review,486156062,MissingDocs,No
tvm,5144,review,397530214,Duplicate,No
spark,20303,review,249798529,MissingDocs,No
spark,12836,comment,216750713,ArchitecturalFlaw,No
spark,25823,review,330702021,Readability,No
flink,14734,review,569501903,ArchitecturalFlaw,No
spark,610,review,12292824,Convention,No
hive,550,review,343202348,Readability,No
samza,103,review,110061958,PoorTesting,No
cassandra,711,review,472502571,PoorTesting,No
incubator-pinot,5853,review,476001577,Readability,No
trafficserver,326,description,0,Readability,Yes,1,1,1,{'.h': 1},0,0
airflow,7085,description,0,ArchitecturalFlaw,Yes,462,342,21,{'.md': 1},19,12
iceberg,2167,review,571340787,Readability,No
druid,7758,review,287539672,Convention,No
spark,19901,review,155169114,Convention,No
storm,1406,comment,222930875,ArchitecturalFlaw,No
beam,6981,review,233161421,ArchitecturalFlaw,No
openwhisk,484,review,65249201,PoorTesting,No
incubator-brooklyn,910,review,39962111,MissingDocs,No
spark,22154,review,234385204,PoorTesting,No
beam,10367,review,364531963,BugProne,No
reef,234,review,32866959,DeadCode,No
kafka,9007,review,454569003,Convention,No
incubator-mxnet,16790,review,345358591,PoorPerformance,No
spark,6059,comment,101015161,PoorTesting,No
incubator-dolphinscheduler,4896,review,584050628,NotSATD,No
airflow,730,review,85289615,Duplicate,No
trafficserver,3903,comment,402768113,NotSATD,No
spark,5511,description,0,BugProne,Yes,51,34,9,{},4,-1
spark,25785,comment,531497209,BugProne,No
kafka,7994,review,373361209,Readability,No
incubator-pinot,4777,review,344013968,BugProne,No
ozone,1503,review,506851310,Duplicate,No
spark,28038,review,402528402,PoorPerformance,No
airflow,14219,review,584775664,PoorTesting,No
incubator-mxnet,18560,description,0,PoorTesting,Yes,291,191,9,"{'.jetson': 1, '.sh': 2, '.groovy': 1, '.cmake': 1}",1,1
trafficserver,347,summary,0,Duplicate,Yes,1,1,1,{},1,1
dubbo,4526,review,303318487,Duplicate,No
tinkerpop,1308,review,512632352,MissingDocs,No
ignite,7851,review,430399878,NotSATD,No
hudi,1274,review,370818776,ArchitecturalFlaw,No
helix,1472,comment,710682396,PoorPerformance,No
zookeeper,904,review,274872856,BugProne,No
incubator-mxnet,12918,review,227170725,BugProne,No
flink,10017,review,349058826,DeadDocs,No
incubator-heron,2295,description,0,NotSATD,Yes,251,17,11,{},9,-7
spark,26682,review,371318137,NotSATD,No
spark,12474,comment,211507927,ArchitecturalFlaw,No
carbondata,240,review,84475433,NotSATD,No
spark,19911,review,155335791,NotSATD,No
reef,1473,review,198332781,MissingDocs,No
spark,11236,comment,189069233,NotSATD,No
zeppelin,3897,description,0,DeadCode,Yes,415,186,13,"{'.xml': 6, '.sh': 2}",4,0
systemds,1023,comment,728301245,Convention,No
spark,31296,review,562868528,BugProne,No
airflow,1352,comment,309399231,Duplicate,No
helix,1208,review,464529958,DeadCode,No
arrow,2890,review,230019538,DeadDocs,No
druid,3570,review,87488947,NotSATD,No
spark,1541,comment,49855865,PoorPerformance,No
incubator-heron,1969,review,122385823,Readability,No
flink,938,comment,125751865,NotSATD,No
parquet-mr,150,comment,90990009,MissingDocs,No
daffodil,408,review,488125346,Readability,No
calcite,1584,review,347069363,ArchitecturalFlaw,No
spark,158,review,11264777,Readability,No
spark,23943,review,264538235,DeadCode,No
superset,6519,comment,448402012,PoorPerformance,No
pulsar,9246,comment,775491410,NotSATD,No
spark,16280,review,92527834,ArchitecturalFlaw,No
flink,13135,review,475413540,Convention,No
flink,10388,comment,561631987,PoorTesting,No
geode,4189,comment,544634796,PoorTesting,No
beam,13435,comment,747291549,NotSATD,No
spark,8744,review,39581040,DeadCode,No
spark,4525,review,24634640,BugProne,No
incubator-mxnet,11076,description,0,PoorPerformance,Yes,100,2,2,"{'.cu': 1, '.h': 1}",0,0
hadoop,840,comment,499279608,Readability,No
spark,13078,summary,0,Readability,Yes,42,41,6,{'.md': 1},2,0
kylin,961,review,352444230,Convention,No
spark,9297,review,46203981,BugProne,No
spark,28841,review,463960973,PoorTesting,No
spark,16944,review,103047268,DeadCode,No
hudi,2127,review,499304054,Duplicate,No
guacamole-client,122,review,161413980,Readability,No
spark,9682,summary,0,DeadCode,Yes,0,359,1,{},0,0
cloudstack,4574,comment,763102959,BugProne,No
flink,10454,review,355092999,DeadCode,No
brooklyn-server,144,comment,222313156,PoorTesting,No
kafka,8105,review,379594069,PoorPerformance,No
spark,15963,review,88906249,Readability,No
arrow,9397,review,571604769,ArchitecturalFlaw,No
spark,22006,review,207876249,Convention,No
hadoop,2674,comment,781282914,Convention,No
incubator-mxnet,10819,summary,0,PoorTesting,Yes,6,6,3,{'.sh': 3},0,0
arrow,1804,comment,377119109,Readability,No
spark,26138,description,0,NotSATD,Yes,39,11,2,{},1,0
druid,4754,review,152706384,ArchitecturalFlaw,No
druid,1899,summary,0,MissingDocs,Yes,2,2,2,{'.md': 2},0,0
flink,11403,review,392897158,Convention,No
kafka,3575,review,129764370,Convention,No
cassandra,730,review,485793488,Readability,No
incubator-heron,3479,comment,626232335,BugProne,No
incubator-mxnet,9552,review,176825148,BugProne,No
camel,3171,review,324231977,PoorOutput,No
flink,15045,description,0,Convention,Yes,5,5,2,"{'.zh': 1, '.md': 2}",0,0
airflow,1830,review,90948950,Readability,No
hudi,2106,review,503737912,Convention,No
druid,5632,review,180936341,MissingDocs,No
incubator-pagespeed-ngx,1028,review,43148618,DeadDocs,No
incubator-pinot,2068,review,149484084,MissingDocs,No
spark,19041,review,163041732,Convention,No
arrow,467,review,109291184,NotSATD,No
arrow,898,review,130206222,BugProne,No
skywalking,4987,comment,652475825,PoorPerformance,No
storm,1480,comment,226404728,ArchitecturalFlaw,No
reef,1054,review,68419655,Duplicate,No
spark,28163,description,0,PoorPerformance,Yes,5588,438,17,"{'.2': 1, '.3': 1, '.txt': 2}",5,12
daffodil,291,review,348540375,ArchitecturalFlaw,No
cloudstack,1224,comment,164271374,Convention,No
kafka,6762,review,286572482,DeadDocs,No
storm,2241,review,129494647,NotSATD,No
rocketmq,64,comment,280278200,PoorTesting,No
arrow,2623,review,220653441,BugProne,No
incubator-mxnet,12426,description,0,PoorOutput,Yes,16,3,5,{'.sh': 1},0,0
kafka,6163,review,252942686,Convention,No
beam,2330,review,112816993,DeadCode,No
spark,2933,review,19377630,BugProne,No
thrift,448,comment,183605715,ArchitecturalFlaw,No
spark,19460,review,143571046,NotSATD,No
kafka,8402,comment,609450055,PoorTesting,No
kafka,10039,review,571271791,ArchitecturalFlaw,No
pulsar,2101,review,202403205,Readability,No
spark,6558,review,31485428,MissingDocs,No
pulsar,6196,review,374325392,NonCodeArtifact,No
spark,1270,review,17257206,PoorPerformance,No
incubator-mxnet,3781,comment,260116824,Duplicate,No
tvm,2292,review,241858156,BugProne,No
flink,10358,comment,561655258,PoorPerformance,No
arrow,5508,comment,535832777,PoorPerformance,No
arrow,4322,comment,493617041,ArchitecturalFlaw,No
gobblin,1106,review,70877402,BugProne,No
nifi,1800,comment,303611024,Convention,No
flink,8438,review,287425587,PoorTesting,No
ignite,5635,review,241036804,BugProne,No
spark,22847,review,228600757,PoorPerformance,No
spark,30204,review,516533952,Duplicate,No
qpid-dispatch,1097,review,608990009,Readability,No
lucene-solr,2423,review,581247428,BugProne,No
kafka,3530,review,130078682,PoorTesting,No
pulsar,43,review,80817924,BugProne,No
arrow,66,review,64469901,ArchitecturalFlaw,No
incubator-pinot,141,review,65645131,NotSATD,No
kafka,7908,summary,0,DeadDocs,Yes,8,11,1,{},1,0
kafka,3662,review,132859349,NotSATD,No
ignite,4970,summary,0,PoorTesting,Yes,34,741,3,{},3,65
kafka,764,review,51615946,ArchitecturalFlaw,No
kafka,6239,review,256163993,PoorTesting,No
incubator-heron,3123,review,242657195,Convention,No
spark,1285,comment,47998047,PoorTesting,No
superset,10473,review,466556166,DeadCode,No
hadoop,575,review,264257746,Readability,No
cloudstack,4448,comment,724618330,ArchitecturalFlaw,No
spark,20619,description,0,BugProne,Yes,10,12,1,{},0,0
spark,2907,review,19663363,NotSATD,No
guacamole-client,511,review,602658052,PoorTesting,No
druid,2524,review,81665494,ArchitecturalFlaw,No
arrow,9626,review,587325457,BugProne,No
spark,18986,comment,323618879,ArchitecturalFlaw,No
spark,3165,comment,62288954,MissingDocs,No
iceberg,1128,review,443691512,DeadCode,No
nifi-minifi-cpp,788,review,428031207,DeadCode,No
gobblin,1862,description,0,PoorPerformance,Yes,892,275,28,{'.ConfigStoreFactory': 1},16,-4
helix,478,review,325376537,DeadCode,No
parquet-mr,456,review,170675141,BugProne,No
beam,12938,review,550847398,Convention,No
druid,5418,review,179293634,DeadCode,No
airflow,12383,review,524536973,BugProne,No
spark,7842,review,43212805,Convention,No
spark,18887,review,140699378,PoorTesting,No
spark,8785,review,48715367,PoorPerformance,No
spark,21200,review,185664585,BugProne,No
kafka,2929,review,113856373,DeadCode,No
hive,767,description,0,ArchitecturalFlaw,Yes,198,107,12,{},9,12
nifi,4753,review,561119292,Convention,No
spark,22375,review,217495874,BugProne,No
kafka,1664,review,77421658,ArchitecturalFlaw,No
lucene-solr,2200,review,556698348,PoorTesting,No
spark,9867,review,46597229,DeadCode,No
spark,25651,comment,534813380,Convention,No
flink,8136,description,0,DeadCode,Yes,87,215,15,{},15,0
carbondata,3136,comment,468114436,MissingDocs,No
kafka,5068,review,191512386,BugProne,No
openwhisk-wskdeploy,103,description,0,ArchitecturalFlaw,Yes,1994,1287,38,"{'.yaml': 3, '.yml': 3}",4,12
spark,29403,review,496341174,PoorTesting,No
spark,22197,review,212812755,Readability,No
incubator-mxnet,12768,comment,428218284,PoorTesting,No
pulsar,2241,description,0,BugProne,Yes,4,13,5,"{'.md': 4, '.json': 1}",0,0
kafka,6363,review,280294974,ArchitecturalFlaw,No
spark,22878,review,241273157,Readability,No
hadoop,1900,comment,601190652,NotSATD,No
kafka,6363,review,278752888,ArchitecturalFlaw,No
hadoop,885,review,289591884,Convention,No
spark,22646,review,223168936,PoorOutput,No
spark,2761,comment,58776141,Readability,No
druid,3788,comment,268051850,PoorTesting,No
hawq,392,review,54617226,Convention,No
helix,1663,review,588774064,PoorTesting,No
tvm,7314,description,0,PoorPerformance,Yes,98,428,2,{},2,22
samza,235,review,124903942,Readability,No
calcite,1825,review,383130171,PoorPerformance,No
camel,4496,description,0,BugProne,Yes,91,7,2,{},1,0
incubator-mxnet,13654,review,241911517,MissingDocs,No
spark,19763,review,152914613,BugProne,No
jmeter,337,description,0,BugProne,Yes,17,38,1,{},1,2
hbase,1627,review,418984035,DeadCode,No
incubator-mxnet,15161,review,292706143,DeadCode,No
airflow,7516,review,383040768,PoorPerformance,No
incubator-mxnet,17808,comment,605590914,PoorTesting,No
incubator-pinot,5700,review,459633576,DeadCode,No
accumulo,1330,review,316892853,Convention,No
iceberg,2294,review,596510752,Readability,No
carbondata,3584,review,389603171,BugProne,No
spark,29715,comment,692354511,ArchitecturalFlaw,No
daffodil,3,review,148564978,NotSATD,No
incubator-mxnet,8302,review,155828922,MissingDocs,No
cloudstack,1740,comment,353858935,BugProne,No
spark,26594,review,353931395,Readability,No
spark,31721,review,589378403,Convention,No
airflow,11541,review,507190029,Readability,No
flink,439,comment,76031299,PoorOutput,No
spark,7046,summary,0,Readability,Yes,2,2,2,{'.md': 2},0,0
storm,2433,review,152902841,Duplicate,No
spark,1561,comment,50182962,NotSATD,No
spark,708,summary,0,PoorOutput,Yes,1,1,1,{},1,0
madlib,425,comment,519652224,MissingDocs,No
samza,347,review,180646742,PoorTesting,No
incubator-heron,81,review,51090091,DeadCode,No
incubator-mxnet,13145,description,0,MissingDocs,Yes,4,1,2,{'.md': 1},1,0
spark,29728,review,487921098,Readability,No
nifi-minifi-cpp,74,review,109758278,DeadCode,No
spark,25048,review,300427664,BugProne,No
beam,3936,review,142818337,PoorPerformance,No
flink,9890,review,335896695,Convention,No
cloudstack,1519,comment,215347296,PoorTesting,No
druid,2231,comment,173443345,ArchitecturalFlaw,No
arrow,9356,review,580411319,PoorPerformance,No
tvm,3531,review,305483155,PoorOutput,No
spark,6593,description,0,DeadDocs,Yes,17,36,4,"{'.xml': 1, '.sh': 3}",0,0
samza,103,review,109215517,PoorTesting,No
accumulo,484,review,188314105,DeadCode,No
accumulo,1995,review,607994959,PoorOutput,No
cloudstack,2699,review,194376281,MissingDocs,No
spark,5400,review,27923456,Convention,No
gobblin,104,comment,95396477,Convention,No
flink,1813,comment,229693884,MissingDocs,No
gobblin,2656,review,292076607,MissingDocs,No
kafka,4138,description,0,PoorTesting,Yes,21,10,3,{},3,0
spark,9193,review,42587435,Readability,No
beam,1230,comment,260433002,PoorTesting,No
beam,9730,review,331592994,BugProne,No
hbase,1077,review,368823636,MissingDocs,No
spark,29402,description,0,BugProne,Yes,2,0,1,{'.yml': 1},0,0
beam,6707,review,229053783,NotSATD,No
kafka,2492,review,100844023,DeadDocs,No
couchdb,3015,review,488882226,MissingDocs,No
arrow,5213,review,318643171,MissingDocs,No
flink,6076,review,190841926,Readability,No
apisix,2329,review,495666587,DeadCode,No
nifi,71,comment,130314880,BugProne,No
airflow,10346,summary,0,PoorOutput,Yes,3,3,1,{},0,0
kafka,8883,summary,0,PoorTesting,Yes,5,12,1,{},1,0
zookeeper,684,review,238789004,MissingDocs,No
flink,9363,description,0,ArchitecturalFlaw,Yes,507,575,87,"{'.out': 1, '.xml': 26}",21,6
kafka,6680,description,0,BugProne,Yes,392,323,28,{},27,44
spark,17130,review,104006906,NotSATD,No
trafficserver,7279,description,0,PoorOutput,Yes,1166,308,23,"{'.rst': 1, '.h': 4, '.am': 1}",11,-2
trafficserver,6001,comment,539771774,MissingDocs,No
arrow,7507,review,562065051,Convention,No
openwhisk,4031,review,255882825,PoorTesting,No
spark,11006,comment,178279347,Convention,No
zookeeper,1417,comment,665952705,Convention,No
spark,22960,review,231413853,DeadCode,No
thrift,1039,comment,238129818,PoorTesting,No
flink,12176,review,426165664,DeadCode,No
dubbo,4655,summary,0,Convention,Yes,67,34,19,{},19,0
apisix,336,summary,0,DeadCode,Yes,2,4,2,{'.conf': 1},0,0
bookkeeper,1059,description,0,Convention,Yes,1,0,1,{},1,0
trafficserver,3322,review,176559777,Readability,No
incubator-mxnet,10900,review,188720460,ArchitecturalFlaw,No
kafka,4691,description,0,PoorOutput,Yes,19,24,4,{},4,0
nifi,1036,review,81411506,PoorPerformance,No
cloudstack,1295,description,0,BugProne,Yes,5,6,1,{'.sh': 1},0,0
tajo,674,summary,0,DeadCode,Yes,2,69,2,{},2,12
nifi,1918,review,122836798,Readability,No
incubator-pinot,4387,review,300516190,MissingDocs,No
zookeeper,1328,summary,0,Readability,Yes,2,2,1,{'.txt': 1},0,0
incubator-heron,1893,description,0,Duplicate,Yes,252,371,7,{},5,14
beam,4080,review,150063020,DeadCode,No
phoenix,933,review,510479056,Convention,No
systemds,204,review,73768209,PoorOutput,No
carbondata,3769,description,0,NotSATD,Yes,179,77,25,"{'.xml': 3, '.thrift': 1}",18,-13
activemq-artemis,2427,review,232558150,ArchitecturalFlaw,No
parquet-mr,227,summary,0,DeadCode,Yes,21,10,2,{},2,-2
spark,22094,description,0,BugProne,Yes,158,47,3,{},3,-10
beam,92,review,58796896,PoorTesting,No
spark,224,comment,38748839,PoorPerformance,No
activemq-artemis,2241,comment,412575863,ArchitecturalFlaw,No
incubator-brooklyn,910,review,41485190,MissingDocs,No
spark,9432,comment,154740151,DeadCode,No
kafka,2143,review,94173222,PoorTesting,No
ignite,6420,review,273863106,Convention,No
kafka,9318,review,495932581,DeadCode,No
spark,15172,review,83513326,Convention,No
flink,11794,comment,619004787,PoorOutput,No
kafka,683,comment,167010840,ArchitecturalFlaw,No
airflow,13929,review,570530609,Convention,No
spark,9773,comment,157865029,PoorTesting,No
fineract,726,comment,596234596,BugProne,No
geode-native,288,review,185342808,Readability,No
spark,10152,review,46763785,MissingDocs,No
spark,22071,review,209714362,ArchitecturalFlaw,No
lucene-solr,1802,comment,683374849,NotSATD,No
flink,6170,review,195824665,Convention,No
ambari,1646,review,199117523,DeadCode,No
ignite,2941,summary,0,BugProne,Yes,1,1,1,{},1,0
spark,29104,review,459576703,MissingDocs,No
airflow,5847,comment,523869438,Convention,No
trafficserver,6609,review,419565115,Convention,No
beam,7237,comment,447180932,Convention,No
flink,10753,description,0,MissingDocs,Yes,627,712,1,{'.md': 1},0,0
accumulo,221,description,0,PoorOutput,Yes,218,863,38,"{'.md': 1, '.xml': 9, '.conf': 1, '.properties': 4, '.sh': 1, '.txt': 2}",12,7
druid,1265,review,27927153,Readability,No
kafka,9998,review,569278561,DeadCode,No
madlib,243,description,0,NotSATD,Yes,1502,597,12,"{'.hpp': 5, '.sql_in': 2, '.py_in': 2}",1,-12
kafka,3765,review,144588126,Convention,No
lucene-solr,133,summary,0,PoorPerformance,Yes,8,5,2,{},2,-1
lucene-solr,1303,review,387662567,DeadDocs,No
arrow,4542,review,293670228,PoorPerformance,No
drill,159,review,39804781,PoorTesting,No
kafka,5379,review,204563539,Convention,No
spark,9399,review,43590281,MissingDocs,No
nutch,484,comment,555061506,PoorTesting,No
drill,520,review,106658488,BugProne,No
spark,5434,comment,92291279,PoorOutput,No
beam,1706,review,95843283,Readability,No
beam,4185,review,153627791,MissingDocs,No
camel-quarkus,570,review,360695073,ArchitecturalFlaw,No
arrow,4258,comment,490781968,PoorPerformance,No
tinkerpop,141,review,44267313,Readability,No
nifi,4369,review,452304677,Readability,No
tinkerpop,1309,comment,677678867,Convention,No
gobblin,2788,review,351428413,Readability,No
incubator-pinot,4047,review,288787662,DeadDocs,No
spark,228,comment,39641216,NotSATD,No
airflow,12096,review,517611582,PoorPerformance,No
iceberg,1669,comment,718305151,PoorPerformance,No
spark,4214,review,25109930,MissingDocs,No
flink,13595,comment,719467007,PoorTesting,No
spark,28370,comment,628792196,BugProne,No
incubator-doris,5219,review,559096882,PoorOutput,No
tvm,4251,summary,0,PoorOutput,Yes,1,1,1,{},1,0
kafka,5221,comment,399157359,PoorPerformance,No
trafficcontrol,4959,review,470844261,ArchitecturalFlaw,No
spark,17459,review,118818160,Readability,No
hbase,809,review,344314816,PoorOutput,No
kafka,6234,comment,462503916,PoorTesting,No
spark,21356,review,189349209,DeadCode,No
carbondata,2878,summary,0,PoorOutput,Yes,169,167,72,{},72,0
flink,9082,review,340395215,PoorOutput,No
druid,7647,review,283550456,Readability,No
kafka,7984,review,372683286,ArchitecturalFlaw,No
druid,2806,review,59071300,Duplicate,No
spark,19495,review,144992379,Readability,No
airflow,1435,comment,215288030,PoorPerformance,No
beam,12241,review,454528596,MissingDocs,No
geode-native,615,review,443683084,Convention,No
ambari,2707,description,0,PoorTesting,Yes,186,132,3,{},3,-13
hudi,360,comment,377576044,NotSATD,No
tvm,1716,summary,0,MissingDocs,Yes,67,75,10,{},7,-2
druid,2683,comment,198480289,MissingDocs,No
spark,23260,comment,446345304,ArchitecturalFlaw,No
